DELETE FROM `creature_template` WHERE (`entry`=97019);
INSERT INTO `creature_template` (`entry`, `difficulty_entry_1`, `difficulty_entry_2`, `difficulty_entry_3`, `KillCredit1`, `KillCredit2`, `modelid1`, `modelid2`, `modelid3`, `modelid4`, `name`, `subname`, `IconName`, `gossip_menu_id`, `minlevel`, `maxlevel`, `exp`, `faction_A`, `faction_H`, `npcflag`, `speed_walk`, `speed_run`, `scale`, `rank`, `mindmg`, `maxdmg`, `dmgschool`, `attackpower`, `dmg_multiplier`, `baseattacktime`, `rangeattacktime`, `unit_class`, `unit_flags`, `dynamicflags`, `family`, `trainer_type`, `trainer_spell`, `trainer_class`, `trainer_race`, `minrangedmg`, `maxrangedmg`, `rangedattackpower`, `type`, `type_flags`, `lootid`, `pickpocketloot`, `skinloot`, `resistance1`, `resistance2`, `resistance3`, `resistance4`, `resistance5`, `resistance6`, `spell1`, `spell2`, `spell3`, `spell4`, `spell5`, `spell6`, `spell7`, `spell8`, `PetSpellDataId`, `VehicleId`, `mingold`, `maxgold`, `AIName`, `MovementType`, `InhabitType`, `Health_mod`, `Mana_mod`, `Armor_mod`, `RacialLeader`, `questItem1`, `questItem2`, `questItem3`, `questItem4`, `questItem5`, `questItem6`, `movementId`, `RegenHealth`, `equipment_id`, `mechanic_immune_mask`, `flags_extra`, `ScriptName`, `WDBVerified`) VALUES
('97019', '0', '0', '0', '0', '0', '18', '0', '18', '0', 'Морфер', 'Battleage Service', '', '0', '59', '61', '0', '35', '35', '1', '1.48', '1.14286', '0.0', '0', '655.0', '663.0', '0', '158', '1.0', '1500', '1900', '1', '0', '0', '0', '0', '0', '0', '0', '0.0', '0.0', '100', '7', '0', '0', '0', '0', '0', '0', '0', '0', '0', '0', '0', '0', '0', '0', '0', '0', '0', '0', '0', '0', '0', '0', '', '1', '3', '1.0', '1.0', '1.0', '0', '0', '0', '0', '0', '0', '0', '0', '1', '0', '0', '2', 'npc_morph', '1');

DELETE FROM `creature_template` WHERE (`entry`=97020);
INSERT INTO `creature_template` (`entry`, `difficulty_entry_1`, `difficulty_entry_2`, `difficulty_entry_3`, `KillCredit1`, `KillCredit2`, `modelid1`, `modelid2`, `modelid3`, `modelid4`, `name`, `subname`, `IconName`, `gossip_menu_id`, `minlevel`, `maxlevel`, `exp`, `faction_A`, `faction_H`, `npcflag`, `speed_walk`, `speed_run`, `scale`, `rank`, `mindmg`, `maxdmg`, `dmgschool`, `attackpower`, `dmg_multiplier`, `baseattacktime`, `rangeattacktime`, `unit_class`, `unit_flags`, `dynamicflags`, `family`, `trainer_type`, `trainer_spell`, `trainer_class`, `trainer_race`, `minrangedmg`, `maxrangedmg`, `rangedattackpower`, `type`, `type_flags`, `lootid`, `pickpocketloot`, `skinloot`, `resistance1`, `resistance2`, `resistance3`, `resistance4`, `resistance5`, `resistance6`, `spell1`, `spell2`, `spell3`, `spell4`, `spell5`, `spell6`, `spell7`, `spell8`, `PetSpellDataId`, `VehicleId`, `mingold`, `maxgold`, `AIName`, `MovementType`, `InhabitType`, `Health_mod`, `Mana_mod`, `Armor_mod`, `RacialLeader`, `questItem1`, `questItem2`, `questItem3`, `questItem4`, `questItem5`, `questItem6`, `movementId`, `RegenHealth`, `equipment_id`, `mechanic_immune_mask`, `flags_extra`, `ScriptName`, `WDBVerified`) VALUES
('97020', '0', '0', '0', '0', '0', '18', '0', '18', '0', 'Бафер', 'Battleage Service', '', '0', '59', '61', '0', '35', '35', '1', '1.48', '1.14286', '0.0', '0', '655.0', '663.0', '0', '158', '1.0', '1500', '1900', '1', '0', '0', '0', '0', '0', '0', '0', '0.0', '0.0', '100', '7', '0', '0', '0', '0', '0', '0', '0', '0', '0', '0', '0', '0', '0', '0', '0', '0', '0', '0', '0', '0', '0', '0', '', '1', '3', '1.0', '1.0', '1.0', '0', '0', '0', '0', '0', '0', '0', '0', '1', '0', '0', '2', 'npc_buffer', '1');

DELETE FROM `creature_template` WHERE (`entry`=97021);
INSERT INTO `creature_template` (`entry`, `difficulty_entry_1`, `difficulty_entry_2`, `difficulty_entry_3`, `KillCredit1`, `KillCredit2`, `modelid1`, `modelid2`, `modelid3`, `modelid4`, `name`, `subname`, `IconName`, `gossip_menu_id`, `minlevel`, `maxlevel`, `exp`, `faction_A`, `faction_H`, `npcflag`, `speed_walk`, `speed_run`, `scale`, `rank`, `mindmg`, `maxdmg`, `dmgschool`, `attackpower`, `dmg_multiplier`, `baseattacktime`, `rangeattacktime`, `unit_class`, `unit_flags`, `dynamicflags`, `family`, `trainer_type`, `trainer_spell`, `trainer_class`, `trainer_race`, `minrangedmg`, `maxrangedmg`, `rangedattackpower`, `type`, `type_flags`, `lootid`, `pickpocketloot`, `skinloot`, `resistance1`, `resistance2`, `resistance3`, `resistance4`, `resistance5`, `resistance6`, `spell1`, `spell2`, `spell3`, `spell4`, `spell5`, `spell6`, `spell7`, `spell8`, `PetSpellDataId`, `VehicleId`, `mingold`, `maxgold`, `AIName`, `MovementType`, `InhabitType`, `Health_mod`, `Mana_mod`, `Armor_mod`, `RacialLeader`, `questItem1`, `questItem2`, `questItem3`, `questItem4`, `questItem5`, `questItem6`, `movementId`, `RegenHealth`, `equipment_id`, `mechanic_immune_mask`, `flags_extra`, `ScriptName`, `WDBVerified`) VALUES
('97021', '0', '0', '0', '0', '0', '18', '0', '18', '0', 'Маунт', 'Battleage Service', '', '0', '59', '61', '0', '35', '35', '1', '1.48', '1.14286', '0.0', '0', '655.0', '663.0', '0', '158', '1.0', '1500', '1900', '1', '0', '0', '0', '0', '0', '0', '0', '0.0', '0.0', '100', '7', '0', '0', '0', '0', '0', '0', '0', '0', '0', '0', '0', '0', '0', '0', '0', '0', '0', '0', '0', '0', '0', '0', '', '1', '3', '1.0', '1.0', '1.0', '0', '0', '0', '0', '0', '0', '0', '0', '1', '0', '0', '2', 'npc_mount', '1');

-- Spawn Buffer and Mounter
insert into `creature` (`guid`, `id`, `map`, `spawnMask`, `phaseMask`, `modelid`, `equipment_id`, `position_x`, `position_y`, `position_z`, `orientation`, `spawntimesecs`, `spawndist`, `currentwaypoint`, `curhealth`, `curmana`, `MovementType`, `npcflag`, `unit_flags`, `dynamicflags`) values('300100','97020','571','1','1','0','0','5835.85','463.303','658.783','3.68109','300','0','0','3052','0','0','0','0','0');
insert into `creature` (`guid`, `id`, `map`, `spawnMask`, `phaseMask`, `modelid`, `equipment_id`, `position_x`, `position_y`, `position_z`, `orientation`, `spawntimesecs`, `spawndist`, `currentwaypoint`, `curhealth`, `curmana`, `MovementType`, `npcflag`, `unit_flags`, `dynamicflags`) values('300101','97020','0','1','1','0','0','-8847.66','630.384','95.0193','0.339644','300','0','0','2961','0','0','0','0','0');
insert into `creature` (`guid`, `id`, `map`, `spawnMask`, `phaseMask`, `modelid`, `equipment_id`, `position_x`, `position_y`, `position_z`, `orientation`, `spawntimesecs`, `spawndist`, `currentwaypoint`, `curhealth`, `curmana`, `MovementType`, `npcflag`, `unit_flags`, `dynamicflags`) values('300102','97020','0','1','1','0','0','-9467.41','52.1172','57.1193','1.41249','300','0','0','3052','0','0','0','0','0');
insert into `creature` (`guid`, `id`, `map`, `spawnMask`, `phaseMask`, `modelid`, `equipment_id`, `position_x`, `position_y`, `position_z`, `orientation`, `spawntimesecs`, `spawndist`, `currentwaypoint`, `curhealth`, `curmana`, `MovementType`, `npcflag`, `unit_flags`, `dynamicflags`) values('300103','97020','0','1','1','0','0','-8932.66','-131.51','82.9052','0.421311','300','0','0','2961','0','0','0','0','0');
insert into `creature` (`guid`, `id`, `map`, `spawnMask`, `phaseMask`, `modelid`, `equipment_id`, `position_x`, `position_y`, `position_z`, `orientation`, `spawntimesecs`, `spawndist`, `currentwaypoint`, `curhealth`, `curmana`, `MovementType`, `npcflag`, `unit_flags`, `dynamicflags`) values('300104','97020','0','1','1','0','0','-9271.68','-2301.04','69.5252','1.45803','300','0','0','3052','0','0','0','0','0');
insert into `creature` (`guid`, `id`, `map`, `spawnMask`, `phaseMask`, `modelid`, `equipment_id`, `position_x`, `position_y`, `position_z`, `orientation`, `spawntimesecs`, `spawndist`, `currentwaypoint`, `curhealth`, `curmana`, `MovementType`, `npcflag`, `unit_flags`, `dynamicflags`) values('300105','97020','0','1','1','0','0','-10563.4','-1174.72','28.1033','4.70722','300','0','0','3144','0','0','0','0','0');
insert into `creature` (`guid`, `id`, `map`, `spawnMask`, `phaseMask`, `modelid`, `equipment_id`, `position_x`, `position_y`, `position_z`, `orientation`, `spawntimesecs`, `spawndist`, `currentwaypoint`, `curhealth`, `curmana`, `MovementType`, `npcflag`, `unit_flags`, `dynamicflags`) values('300106','97020','0','1','1','0','0','-11613','-65.128','11.1666','1.29152','300','0','0','3144','0','0','0','0','0');
insert into `creature` (`guid`, `id`, `map`, `spawnMask`, `phaseMask`, `modelid`, `equipment_id`, `position_x`, `position_y`, `position_z`, `orientation`, `spawntimesecs`, `spawndist`, `currentwaypoint`, `curhealth`, `curmana`, `MovementType`, `npcflag`, `unit_flags`, `dynamicflags`) values('300107','97020','0','1','1','0','0','-12387.7','187.419','2.1443','2.23008','300','0','0','2961','0','0','0','0','0');
insert into `creature` (`guid`, `id`, `map`, `spawnMask`, `phaseMask`, `modelid`, `equipment_id`, `position_x`, `position_y`, `position_z`, `orientation`, `spawntimesecs`, `spawndist`, `currentwaypoint`, `curhealth`, `curmana`, `MovementType`, `npcflag`, `unit_flags`, `dynamicflags`) values('300108','97020','0','1','1','0','0','-14404.3','428.744','8.49327','4.04592','300','0','0','2961','0','0','0','0','0');
insert into `creature` (`guid`, `id`, `map`, `spawnMask`, `phaseMask`, `modelid`, `equipment_id`, `position_x`, `position_y`, `position_z`, `orientation`, `spawntimesecs`, `spawndist`, `currentwaypoint`, `curhealth`, `curmana`, `MovementType`, `npcflag`, `unit_flags`, `dynamicflags`) values('300109','97020','0','1','1','0','0','-10883.8','-2929.34','12.9057','3.49567','300','0','0','3052','0','0','0','0','0');
insert into `creature` (`guid`, `id`, `map`, `spawnMask`, `phaseMask`, `modelid`, `equipment_id`, `position_x`, `position_y`, `position_z`, `orientation`, `spawntimesecs`, `spawndist`, `currentwaypoint`, `curhealth`, `curmana`, `MovementType`, `npcflag`, `unit_flags`, `dynamicflags`) values('300110','97020','0','1','1','0','0','-10440.3','-3249.8','20.2276','4.43737','300','0','0','3144','0','0','0','0','0');
insert into `creature` (`guid`, `id`, `map`, `spawnMask`, `phaseMask`, `modelid`, `equipment_id`, `position_x`, `position_y`, `position_z`, `orientation`, `spawntimesecs`, `spawndist`, `currentwaypoint`, `curhealth`, `curmana`, `MovementType`, `npcflag`, `unit_flags`, `dynamicflags`) values('300111','97020','0','1','1','0','0','-10642.1','1033.98','33.8258','1.33739','300','0','0','3052','0','0','0','0','0');
insert into `creature` (`guid`, `id`, `map`, `spawnMask`, `phaseMask`, `modelid`, `equipment_id`, `position_x`, `position_y`, `position_z`, `orientation`, `spawntimesecs`, `spawndist`, `currentwaypoint`, `curhealth`, `curmana`, `MovementType`, `npcflag`, `unit_flags`, `dynamicflags`) values('300112','97020','0','1','1','0','0','-4918.97','-932.147','501.625','5.35278','300','0','0','2961','0','0','0','0','0');
insert into `creature` (`guid`, `id`, `map`, `spawnMask`, `phaseMask`, `modelid`, `equipment_id`, `position_x`, `position_y`, `position_z`, `orientation`, `spawntimesecs`, `spawndist`, `currentwaypoint`, `curhealth`, `curmana`, `MovementType`, `npcflag`, `unit_flags`, `dynamicflags`) values('300113','97020','0','1','1','0','0','-5605.24','-508.469','401.465','0.125957','300','0','0','2961','0','0','0','0','0');
insert into `creature` (`guid`, `id`, `map`, `spawnMask`, `phaseMask`, `modelid`, `equipment_id`, `position_x`, `position_y`, `position_z`, `orientation`, `spawntimesecs`, `spawndist`, `currentwaypoint`, `curhealth`, `curmana`, `MovementType`, `npcflag`, `unit_flags`, `dynamicflags`) values('300114','97020','0','1','1','0','0','-6234.03','347.164','383.802','4.8894','300','0','0','3052','0','0','0','0','0');
insert into `creature` (`guid`, `id`, `map`, `spawnMask`, `phaseMask`, `modelid`, `equipment_id`, `position_x`, `position_y`, `position_z`, `orientation`, `spawntimesecs`, `spawndist`, `currentwaypoint`, `curhealth`, `curmana`, `MovementType`, `npcflag`, `unit_flags`, `dynamicflags`) values('300115','97020','0','1','1','0','0','-5340.12','-2964.87','324.342','2.07767','300','0','0','2961','0','0','0','0','0');
insert into `creature` (`guid`, `id`, `map`, `spawnMask`, `phaseMask`, `modelid`, `equipment_id`, `position_x`, `position_y`, `position_z`, `orientation`, `spawntimesecs`, `spawndist`, `currentwaypoint`, `curhealth`, `curmana`, `MovementType`, `npcflag`, `unit_flags`, `dynamicflags`) values('300116','97020','0','1','1','0','0','-6654.11','-2211.97','247.526','0.535933','300','0','0','3144','0','0','0','0','0');
insert into `creature` (`guid`, `id`, `map`, `spawnMask`, `phaseMask`, `modelid`, `equipment_id`, `position_x`, `position_y`, `position_z`, `orientation`, `spawntimesecs`, `spawndist`, `currentwaypoint`, `curhealth`, `curmana`, `MovementType`, `npcflag`, `unit_flags`, `dynamicflags`) values('300117','97020','0','1','1','0','0','-6487.3','-1137','307.848','2.6196','300','0','0','2961','0','0','0','0','0');
insert into `creature` (`guid`, `id`, `map`, `spawnMask`, `phaseMask`, `modelid`, `equipment_id`, `position_x`, `position_y`, `position_z`, `orientation`, `spawntimesecs`, `spawndist`, `currentwaypoint`, `curhealth`, `curmana`, `MovementType`, `npcflag`, `unit_flags`, `dynamicflags`) values('300118','97020','0','1','1','0','0','1584.89','241.918','-62.0774','3.50931','300','0','0','2961','0','0','0','0','0');
insert into `creature` (`guid`, `id`, `map`, `spawnMask`, `phaseMask`, `modelid`, `equipment_id`, `position_x`, `position_y`, `position_z`, `orientation`, `spawntimesecs`, `spawndist`, `currentwaypoint`, `curhealth`, `curmana`, `MovementType`, `npcflag`, `unit_flags`, `dynamicflags`) values('300119','97020','0','1','1','0','0','2071.17','287.987','97.0315','2.85743','300','0','0','3144','0','0','0','0','0');
insert into `creature` (`guid`, `id`, `map`, `spawnMask`, `phaseMask`, `modelid`, `equipment_id`, `position_x`, `position_y`, `position_z`, `orientation`, `spawntimesecs`, `spawndist`, `currentwaypoint`, `curhealth`, `curmana`, `MovementType`, `npcflag`, `unit_flags`, `dynamicflags`) values('300120','97020','0','1','1','0','0','2249.81','290.326','34.7578','5.55921','300','0','0','3052','0','0','0','0','0');
insert into `creature` (`guid`, `id`, `map`, `spawnMask`, `phaseMask`, `modelid`, `equipment_id`, `position_x`, `position_y`, `position_z`, `orientation`, `spawntimesecs`, `spawndist`, `currentwaypoint`, `curhealth`, `curmana`, `MovementType`, `npcflag`, `unit_flags`, `dynamicflags`) values('300121','97020','0','1','1','0','0','1857.03','1602.97','95.0482','4.91518','300','0','0','3052','0','0','0','0','0');
insert into `creature` (`guid`, `id`, `map`, `spawnMask`, `phaseMask`, `modelid`, `equipment_id`, `position_x`, `position_y`, `position_z`, `orientation`, `spawntimesecs`, `spawndist`, `currentwaypoint`, `curhealth`, `curmana`, `MovementType`, `npcflag`, `unit_flags`, `dynamicflags`) values('300122','97020','0','1','1','0','0','496.64','1608.5','125.592','5.57256','300','0','0','2961','0','0','0','0','0');
insert into `creature` (`guid`, `id`, `map`, `spawnMask`, `phaseMask`, `modelid`, `equipment_id`, `position_x`, `position_y`, `position_z`, `orientation`, `spawntimesecs`, `spawndist`, `currentwaypoint`, `curhealth`, `curmana`, `MovementType`, `npcflag`, `unit_flags`, `dynamicflags`) values('300123','97020','0','1','1','0','0','-35.473','-891.137','56.1584','0.203524','300','0','0','3144','0','0','0','0','0');
insert into `creature` (`guid`, `id`, `map`, `spawnMask`, `phaseMask`, `modelid`, `equipment_id`, `position_x`, `position_y`, `position_z`, `orientation`, `spawntimesecs`, `spawndist`, `currentwaypoint`, `curhealth`, `curmana`, `MovementType`, `npcflag`, `unit_flags`, `dynamicflags`) values('300124','97020','530','1','1','0','0','10355.1','-6366.37','35.5236','3.25128','300','0','0','3052','0','0','0','0','0');
insert into `creature` (`guid`, `id`, `map`, `spawnMask`, `phaseMask`, `modelid`, `equipment_id`, `position_x`, `position_y`, `position_z`, `orientation`, `spawntimesecs`, `spawndist`, `currentwaypoint`, `curhealth`, `curmana`, `MovementType`, `npcflag`, `unit_flags`, `dynamicflags`) values('300125','97020','530','1','1','0','0','9507.98','-6806.92','16.4918','3.29448','300','0','0','2961','0','0','0','0','0');
insert into `creature` (`guid`, `id`, `map`, `spawnMask`, `phaseMask`, `modelid`, `equipment_id`, `position_x`, `position_y`, `position_z`, `orientation`, `spawntimesecs`, `spawndist`, `currentwaypoint`, `curhealth`, `curmana`, `MovementType`, `npcflag`, `unit_flags`, `dynamicflags`) values('300126','97020','530','1','1','0','0','9356.62','-7145.5','9.39214','1.66477','300','0','0','2961','0','0','0','0','0');
insert into `creature` (`guid`, `id`, `map`, `spawnMask`, `phaseMask`, `modelid`, `equipment_id`, `position_x`, `position_y`, `position_z`, `orientation`, `spawntimesecs`, `spawndist`, `currentwaypoint`, `curhealth`, `curmana`, `MovementType`, `npcflag`, `unit_flags`, `dynamicflags`) values('300127','97020','530','1','1','0','0','7591.01','-6832.4','87.4337','1.67969','300','0','0','3144','0','0','0','0','0');
insert into `creature` (`guid`, `id`, `map`, `spawnMask`, `phaseMask`, `modelid`, `equipment_id`, `position_x`, `position_y`, `position_z`, `orientation`, `spawntimesecs`, `spawndist`, `currentwaypoint`, `curhealth`, `curmana`, `MovementType`, `npcflag`, `unit_flags`, `dynamicflags`) values('300128','97020','1','1','1','0','0','10318.5','818.648','1326.38','1.28564','300','0','0','3144','0','0','0','0','0');
insert into `creature` (`guid`, `id`, `map`, `spawnMask`, `phaseMask`, `modelid`, `equipment_id`, `position_x`, `position_y`, `position_z`, `orientation`, `spawntimesecs`, `spawndist`, `currentwaypoint`, `curhealth`, `curmana`, `MovementType`, `npcflag`, `unit_flags`, `dynamicflags`) values('300129','97020','1','1','1','0','0','9842.95','949.803','1307.65','6.00982','300','0','0','2961','0','0','0','0','0');
insert into `creature` (`guid`, `id`, `map`, `spawnMask`, `phaseMask`, `modelid`, `equipment_id`, `position_x`, `position_y`, `position_z`, `orientation`, `spawntimesecs`, `spawndist`, `currentwaypoint`, `curhealth`, `curmana`, `MovementType`, `npcflag`, `unit_flags`, `dynamicflags`) values('300130','97020','1','1','1','0','0','9936.77','2484.16','1316.75','0.804194','300','0','0','3052','0','0','0','0','0');
insert into `creature` (`guid`, `id`, `map`, `spawnMask`, `phaseMask`, `modelid`, `equipment_id`, `position_x`, `position_y`, `position_z`, `orientation`, `spawntimesecs`, `spawndist`, `currentwaypoint`, `curhealth`, `curmana`, `MovementType`, `npcflag`, `unit_flags`, `dynamicflags`) values('300131','97020','1','1','1','0','0','8638.92','844.999','23.261','0.17619','300','0','0','2961','0','0','0','0','0');
insert into `creature` (`guid`, `id`, `map`, `spawnMask`, `phaseMask`, `modelid`, `equipment_id`, `position_x`, `position_y`, `position_z`, `orientation`, `spawntimesecs`, `spawndist`, `currentwaypoint`, `curhealth`, `curmana`, `MovementType`, `npcflag`, `unit_flags`, `dynamicflags`) values('300132','97020','1','1','1','0','0','6504.14','784.899','8.28554','1.86087','300','0','0','2961','0','0','0','0','0');
insert into `creature` (`guid`, `id`, `map`, `spawnMask`, `phaseMask`, `modelid`, `equipment_id`, `position_x`, `position_y`, `position_z`, `orientation`, `spawntimesecs`, `spawndist`, `currentwaypoint`, `curhealth`, `curmana`, `MovementType`, `npcflag`, `unit_flags`, `dynamicflags`) values('300133','97020','1','1','1','0','0','6404.29','488.699','8.18995','1.38962','300','0','0','3052','0','0','0','0','0');
insert into `creature` (`guid`, `id`, `map`, `spawnMask`, `phaseMask`, `modelid`, `equipment_id`, `position_x`, `position_y`, `position_z`, `orientation`, `spawntimesecs`, `spawndist`, `currentwaypoint`, `curhealth`, `curmana`, `MovementType`, `npcflag`, `unit_flags`, `dynamicflags`) values('300134','97020','1','1','1','0','0','2707.5','-411.005','107.852','2.13968','300','0','0','3052','0','0','0','0','0');
insert into `creature` (`guid`, `id`, `map`, `spawnMask`, `phaseMask`, `modelid`, `equipment_id`, `position_x`, `position_y`, `position_z`, `orientation`, `spawntimesecs`, `spawndist`, `currentwaypoint`, `curhealth`, `curmana`, `MovementType`, `npcflag`, `unit_flags`, `dynamicflags`) values('300135','97020','1','1','1','0','0','2309.76','-2530.62','101.908','5.98415','300','0','0','3052','0','0','0','0','0');
insert into `creature` (`guid`, `id`, `map`, `spawnMask`, `phaseMask`, `modelid`, `equipment_id`, `position_x`, `position_y`, `position_z`, `orientation`, `spawntimesecs`, `spawndist`, `currentwaypoint`, `curhealth`, `curmana`, `MovementType`, `npcflag`, `unit_flags`, `dynamicflags`) values('300136','97020','1','1','1','0','0','1579.38','-4414.68','7.8641','3.19756','300','0','0','3052','0','0','0','0','0');
insert into `creature` (`guid`, `id`, `map`, `spawnMask`, `phaseMask`, `modelid`, `equipment_id`, `position_x`, `position_y`, `position_z`, `orientation`, `spawntimesecs`, `spawndist`, `currentwaypoint`, `curhealth`, `curmana`, `MovementType`, `npcflag`, `unit_flags`, `dynamicflags`) values('300137','97020','1','1','1','0','0','1335.97','-4667.25','54.0945','1.21442','300','0','0','3144','0','0','0','0','0');
insert into `creature` (`guid`, `id`, `map`, `spawnMask`, `phaseMask`, `modelid`, `equipment_id`, `position_x`, `position_y`, `position_z`, `orientation`, `spawntimesecs`, `spawndist`, `currentwaypoint`, `curhealth`, `curmana`, `MovementType`, `npcflag`, `unit_flags`, `dynamicflags`) values('300138','97020','1','1','1','0','0','287.473','-4764.51','12.1475','0.679557','300','0','0','3052','0','0','0','0','0');
insert into `creature` (`guid`, `id`, `map`, `spawnMask`, `phaseMask`, `modelid`, `equipment_id`, `position_x`, `position_y`, `position_z`, `orientation`, `spawntimesecs`, `spawndist`, `currentwaypoint`, `curhealth`, `curmana`, `MovementType`, `npcflag`, `unit_flags`, `dynamicflags`) values('300139','97020','1','1','1','0','0','-602.867','-4238.71','38.9563','1.30316','300','0','0','2961','0','0','0','0','0');
insert into `creature` (`guid`, `id`, `map`, `spawnMask`, `phaseMask`, `modelid`, `equipment_id`, `position_x`, `position_y`, `position_z`, `orientation`, `spawntimesecs`, `spawndist`, `currentwaypoint`, `curhealth`, `curmana`, `MovementType`, `npcflag`, `unit_flags`, `dynamicflags`) values('300140','97020','1','1','1','0','0','-451.852','-2619.89','96.5687','5.37545','300','0','0','3052','0','0','0','0','0');
insert into `creature` (`guid`, `id`, `map`, `spawnMask`, `phaseMask`, `modelid`, `equipment_id`, `position_x`, `position_y`, `position_z`, `orientation`, `spawntimesecs`, `spawndist`, `currentwaypoint`, `curhealth`, `curmana`, `MovementType`, `npcflag`, `unit_flags`, `dynamicflags`) values('300141','97020','1','1','1','0','0','-2342.88','-1930.67','95.8409','3.40778','300','0','0','3144','0','0','0','0','0');
insert into `creature` (`guid`, `id`, `map`, `spawnMask`, `phaseMask`, `modelid`, `equipment_id`, `position_x`, `position_y`, `position_z`, `orientation`, `spawntimesecs`, `spawndist`, `currentwaypoint`, `curhealth`, `curmana`, `MovementType`, `npcflag`, `unit_flags`, `dynamicflags`) values('300142','97020','1','1','1','0','0','-2319.78','-360.556','-9.21954','4.99035','300','0','0','2961','0','0','0','0','0');
insert into `creature` (`guid`, `id`, `map`, `spawnMask`, `phaseMask`, `modelid`, `equipment_id`, `position_x`, `position_y`, `position_z`, `orientation`, `spawntimesecs`, `spawndist`, `currentwaypoint`, `curhealth`, `curmana`, `MovementType`, `npcflag`, `unit_flags`, `dynamicflags`) values('300143','97020','1','1','1','0','0','-1272.95','112.869','130.256','2.11736','300','0','0','3144','0','0','0','0','0');
insert into `creature` (`guid`, `id`, `map`, `spawnMask`, `phaseMask`, `modelid`, `equipment_id`, `position_x`, `position_y`, `position_z`, `orientation`, `spawntimesecs`, `spawndist`, `currentwaypoint`, `curhealth`, `curmana`, `MovementType`, `npcflag`, `unit_flags`, `dynamicflags`) values('300144','97020','1','1','1','0','0','-2906.29','-267.235','53.3106','1.44695','300','0','0','3052','0','0','0','0','0');
insert into `creature` (`guid`, `id`, `map`, `spawnMask`, `phaseMask`, `modelid`, `equipment_id`, `position_x`, `position_y`, `position_z`, `orientation`, `spawntimesecs`, `spawndist`, `currentwaypoint`, `curhealth`, `curmana`, `MovementType`, `npcflag`, `unit_flags`, `dynamicflags`) values('300145','97020','1','1','1','0','0','-958.407','-3740.2','5.61281','6.1999','300','0','0','3052','0','0','0','0','0');
insert into `creature` (`guid`, `id`, `map`, `spawnMask`, `phaseMask`, `modelid`, `equipment_id`, `position_x`, `position_y`, `position_z`, `orientation`, `spawntimesecs`, `spawndist`, `currentwaypoint`, `curhealth`, `curmana`, `MovementType`, `npcflag`, `unit_flags`, `dynamicflags`) values('300146','97020','1','1','1','0','0','-4382.94','-1921.02','87.2608','2.10012','300','0','0','2961','0','0','0','0','0');
insert into `creature` (`guid`, `id`, `map`, `spawnMask`, `phaseMask`, `modelid`, `equipment_id`, `position_x`, `position_y`, `position_z`, `orientation`, `spawntimesecs`, `spawndist`, `currentwaypoint`, `curhealth`, `curmana`, `MovementType`, `npcflag`, `unit_flags`, `dynamicflags`) values('300147','97020','1','1','1','0','0','-5097.31','-1924.96','88.4953','5.57943','300','0','0','3144','0','0','0','0','0');
insert into `creature` (`guid`, `id`, `map`, `spawnMask`, `phaseMask`, `modelid`, `equipment_id`, `position_x`, `position_y`, `position_z`, `orientation`, `spawntimesecs`, `spawndist`, `currentwaypoint`, `curhealth`, `curmana`, `MovementType`, `npcflag`, `unit_flags`, `dynamicflags`) values('300148','97020','1','1','1','0','0','-5398.03','-2404','88.8593','3.75731','300','0','0','3052','0','0','0','0','0');
insert into `creature` (`guid`, `id`, `map`, `spawnMask`, `phaseMask`, `modelid`, `equipment_id`, `position_x`, `position_y`, `position_z`, `orientation`, `spawntimesecs`, `spawndist`, `currentwaypoint`, `curhealth`, `curmana`, `MovementType`, `npcflag`, `unit_flags`, `dynamicflags`) values('300149','97020','1','1','1','0','0','-6183.74','-3932.85','-58.7501','4.78699','300','0','0','2961','0','0','0','0','0');
insert into `creature` (`guid`, `id`, `map`, `spawnMask`, `phaseMask`, `modelid`, `equipment_id`, `position_x`, `position_y`, `position_z`, `orientation`, `spawntimesecs`, `spawndist`, `currentwaypoint`, `curhealth`, `curmana`, `MovementType`, `npcflag`, `unit_flags`, `dynamicflags`) values('300150','97020','1','1','1','0','0','-7163.46','-3792.7','9.17069','3.01984','300','0','0','3144','0','0','0','0','0');
insert into `creature` (`guid`, `id`, `map`, `spawnMask`, `phaseMask`, `modelid`, `equipment_id`, `position_x`, `position_y`, `position_z`, `orientation`, `spawntimesecs`, `spawndist`, `currentwaypoint`, `curhealth`, `curmana`, `MovementType`, `npcflag`, `unit_flags`, `dynamicflags`) values('300151','97020','1','1','1','0','0','-6199.03','-1127.08','-219.174','2.03258','300','0','0','3052','0','0','0','0','0');
insert into `creature` (`guid`, `id`, `map`, `spawnMask`, `phaseMask`, `modelid`, `equipment_id`, `position_x`, `position_y`, `position_z`, `orientation`, `spawntimesecs`, `spawndist`, `currentwaypoint`, `curhealth`, `curmana`, `MovementType`, `npcflag`, `unit_flags`, `dynamicflags`) values('300152','97020','1','1','1','0','0','-6807.79','825.448','53.7623','3.39917','300','0','0','3052','0','0','0','0','0');
insert into `creature` (`guid`, `id`, `map`, `spawnMask`, `phaseMask`, `modelid`, `equipment_id`, `position_x`, `position_y`, `position_z`, `orientation`, `spawntimesecs`, `spawndist`, `currentwaypoint`, `curhealth`, `curmana`, `MovementType`, `npcflag`, `unit_flags`, `dynamicflags`) values('300153','97020','1','1','1','0','0','-4383.91','222.331','25.7649','1.55426','300','0','0','3144','0','0','0','0','0');
insert into `creature` (`guid`, `id`, `map`, `spawnMask`, `phaseMask`, `modelid`, `equipment_id`, `position_x`, `position_y`, `position_z`, `orientation`, `spawntimesecs`, `spawndist`, `currentwaypoint`, `curhealth`, `curmana`, `MovementType`, `npcflag`, `unit_flags`, `dynamicflags`) values('300154','97020','1','1','1','0','0','967.949','962.522','104.645','5.26447','300','0','0','3052','0','0','0','0','0');
insert into `creature` (`guid`, `id`, `map`, `spawnMask`, `phaseMask`, `modelid`, `equipment_id`, `position_x`, `position_y`, `position_z`, `orientation`, `spawntimesecs`, `spawndist`, `currentwaypoint`, `curhealth`, `curmana`, `MovementType`, `npcflag`, `unit_flags`, `dynamicflags`) values('300155','97020','1','1','1','0','0','2446.02','1385.79','271.135','5.83544','300','0','0','2961','0','0','0','0','0');
insert into `creature` (`guid`, `id`, `map`, `spawnMask`, `phaseMask`, `modelid`, `equipment_id`, `position_x`, `position_y`, `position_z`, `orientation`, `spawntimesecs`, `spawndist`, `currentwaypoint`, `curhealth`, `curmana`, `MovementType`, `npcflag`, `unit_flags`, `dynamicflags`) values('300156','97020','530','1','1','0','0','-4019.95','-11878','-0.14412','5.60775','300','0','0','2961','0','0','0','0','0');
insert into `creature` (`guid`, `id`, `map`, `spawnMask`, `phaseMask`, `modelid`, `equipment_id`, `position_x`, `position_y`, `position_z`, `orientation`, `spawntimesecs`, `spawndist`, `currentwaypoint`, `curhealth`, `curmana`, `MovementType`, `npcflag`, `unit_flags`, `dynamicflags`) values('300157','97020','530','1','1','0','0','-4179','-12523.9','44.8907','2.50149','300','0','0','3052','0','0','0','0','0');
insert into `creature` (`guid`, `id`, `map`, `spawnMask`, `phaseMask`, `modelid`, `equipment_id`, `position_x`, `position_y`, `position_z`, `orientation`, `spawntimesecs`, `spawndist`, `currentwaypoint`, `curhealth`, `curmana`, `MovementType`, `npcflag`, `unit_flags`, `dynamicflags`) values('300158','97020','530','1','1','0','0','-4031.72','-13776.9','74.784','4.0448','300','0','0','2961','0','0','0','0','0');
insert into `creature` (`guid`, `id`, `map`, `spawnMask`, `phaseMask`, `modelid`, `equipment_id`, `position_x`, `position_y`, `position_z`, `orientation`, `spawntimesecs`, `spawndist`, `currentwaypoint`, `curhealth`, `curmana`, `MovementType`, `npcflag`, `unit_flags`, `dynamicflags`) values('300159','97020','1','1','1','0','0','-3811.3','-4537.11','10.0597','2.33512','300','0','0','3052','0','0','0','0','0');
insert into `creature` (`guid`, `id`, `map`, `spawnMask`, `phaseMask`, `modelid`, `equipment_id`, `position_x`, `position_y`, `position_z`, `orientation`, `spawntimesecs`, `spawndist`, `currentwaypoint`, `curhealth`, `curmana`, `MovementType`, `npcflag`, `unit_flags`, `dynamicflags`) values('300160','97020','571','1','1','0','0','2262.76','5231.7','11.326','5.22579','300','0','0','3052','0','0','0','0','0');
insert into `creature` (`guid`, `id`, `map`, `spawnMask`, `phaseMask`, `modelid`, `equipment_id`, `position_x`, `position_y`, `position_z`, `orientation`, `spawntimesecs`, `spawndist`, `currentwaypoint`, `curhealth`, `curmana`, `MovementType`, `npcflag`, `unit_flags`, `dynamicflags`) values('300161','97020','571','1','1','0','0','2772.28','6125.53','91.8519','3.8749','300','0','0','2961','0','0','0','0','0');
insert into `creature` (`guid`, `id`, `map`, `spawnMask`, `phaseMask`, `modelid`, `equipment_id`, `position_x`, `position_y`, `position_z`, `orientation`, `spawntimesecs`, `spawndist`, `currentwaypoint`, `curhealth`, `curmana`, `MovementType`, `npcflag`, `unit_flags`, `dynamicflags`) values('300162','97020','571','1','1','0','0','3607.21','6656.72','199.077','2.5782','300','0','0','3052','0','0','0','0','0');
insert into `creature` (`guid`, `id`, `map`, `spawnMask`, `phaseMask`, `modelid`, `equipment_id`, `position_x`, `position_y`, `position_z`, `orientation`, `spawntimesecs`, `spawndist`, `currentwaypoint`, `curhealth`, `curmana`, `MovementType`, `npcflag`, `unit_flags`, `dynamicflags`) values('300163','97020','571','1','1','0','0','4136.72','5253.22','25.9569','1.03881','300','0','0','2961','0','0','0','0','0');
insert into `creature` (`guid`, `id`, `map`, `spawnMask`, `phaseMask`, `modelid`, `equipment_id`, `position_x`, `position_y`, `position_z`, `orientation`, `spawntimesecs`, `spawndist`, `currentwaypoint`, `curhealth`, `curmana`, `MovementType`, `npcflag`, `unit_flags`, `dynamicflags`) values('300164','97020','571','1','1','0','0','5506.87','4751.86','-194.434','3.34396','300','0','0','2961','0','0','0','0','0');
insert into `creature` (`guid`, `id`, `map`, `spawnMask`, `phaseMask`, `modelid`, `equipment_id`, `position_x`, `position_y`, `position_z`, `orientation`, `spawntimesecs`, `spawndist`, `currentwaypoint`, `curhealth`, `curmana`, `MovementType`, `npcflag`, `unit_flags`, `dynamicflags`) values('300165','97020','571','1','1','0','0','5558.92','5739.88','-74.9595','1.76924','300','0','0','3144','0','0','0','0','0');
insert into `creature` (`guid`, `id`, `map`, `spawnMask`, `phaseMask`, `modelid`, `equipment_id`, `position_x`, `position_y`, `position_z`, `orientation`, `spawntimesecs`, `spawndist`, `currentwaypoint`, `curhealth`, `curmana`, `MovementType`, `npcflag`, `unit_flags`, `dynamicflags`) values('300166','97020','571','1','1','0','0','5258.03','4517.34','-84.331','5.37658','300','0','0','2961','0','0','0','0','0');
insert into `creature` (`guid`, `id`, `map`, `spawnMask`, `phaseMask`, `modelid`, `equipment_id`, `position_x`, `position_y`, `position_z`, `orientation`, `spawntimesecs`, `spawndist`, `currentwaypoint`, `curhealth`, `curmana`, `MovementType`, `npcflag`, `unit_flags`, `dynamicflags`) values('300167','97020','571','1','1','0','0','8461.4','883.512','549.452','0.434038','300','0','0','3052','0','0','0','0','0');
insert into `creature` (`guid`, `id`, `map`, `spawnMask`, `phaseMask`, `modelid`, `equipment_id`, `position_x`, `position_y`, `position_z`, `orientation`, `spawntimesecs`, `spawndist`, `currentwaypoint`, `curhealth`, `curmana`, `MovementType`, `npcflag`, `unit_flags`, `dynamicflags`) values('300168','97020','571','1','1','0','0','3984.73','2221.18','153.527','4.94223','300','0','0','3144','0','0','0','0','0');
insert into `creature` (`guid`, `id`, `map`, `spawnMask`, `phaseMask`, `modelid`, `equipment_id`, `position_x`, `position_y`, `position_z`, `orientation`, `spawntimesecs`, `spawndist`, `currentwaypoint`, `curhealth`, `curmana`, `MovementType`, `npcflag`, `unit_flags`, `dynamicflags`) values('300169','97020','571','1','1','0','0','3567.15','301.435','47.2871','4.07436','300','0','0','3144','0','0','0','0','0');
insert into `creature` (`guid`, `id`, `map`, `spawnMask`, `phaseMask`, `modelid`, `equipment_id`, `position_x`, `position_y`, `position_z`, `orientation`, `spawntimesecs`, `spawndist`, `currentwaypoint`, `curhealth`, `curmana`, `MovementType`, `npcflag`, `unit_flags`, `dynamicflags`) values('300170','97020','571','1','1','0','0','3654.77','-889.126','162.883','0.94062','300','0','0','2961','0','0','0','0','0');
insert into `creature` (`guid`, `id`, `map`, `spawnMask`, `phaseMask`, `modelid`, `equipment_id`, `position_x`, `position_y`, `position_z`, `orientation`, `spawntimesecs`, `spawndist`, `currentwaypoint`, `curhealth`, `curmana`, `MovementType`, `npcflag`, `unit_flags`, `dynamicflags`) values('300171','97020','571','1','1','0','0','5457.51','-2624.07','306.551','3.73586','300','0','0','2961','0','0','0','0','0');
insert into `creature` (`guid`, `id`, `map`, `spawnMask`, `phaseMask`, `modelid`, `equipment_id`, `position_x`, `position_y`, `position_z`, `orientation`, `spawntimesecs`, `spawndist`, `currentwaypoint`, `curhealth`, `curmana`, `MovementType`, `npcflag`, `unit_flags`, `dynamicflags`) values('300172','97020','571','1','1','0','0','4537.6','-4225.7','170.492','4.6155','300','0','0','3052','0','0','0','0','0');
insert into `creature` (`guid`, `id`, `map`, `spawnMask`, `phaseMask`, `modelid`, `equipment_id`, `position_x`, `position_y`, `position_z`, `orientation`, `spawntimesecs`, `spawndist`, `currentwaypoint`, `curhealth`, `curmana`, `MovementType`, `npcflag`, `unit_flags`, `dynamicflags`) values('300173','97020','571','1','1','0','0','3835.91','-4528.74','210.535','6.13525','300','0','0','3144','0','0','0','0','0');
insert into `creature` (`guid`, `id`, `map`, `spawnMask`, `phaseMask`, `modelid`, `equipment_id`, `position_x`, `position_y`, `position_z`, `orientation`, `spawntimesecs`, `spawndist`, `currentwaypoint`, `curhealth`, `curmana`, `MovementType`, `npcflag`, `unit_flags`, `dynamicflags`) values('300174','97020','571','1','1','0','0','3251.27','-2269.14','114.135','1.52888','300','0','0','3052','0','0','0','0','0');
insert into `creature` (`guid`, `id`, `map`, `spawnMask`, `phaseMask`, `modelid`, `equipment_id`, `position_x`, `position_y`, `position_z`, `orientation`, `spawntimesecs`, `spawndist`, `currentwaypoint`, `curhealth`, `curmana`, `MovementType`, `npcflag`, `unit_flags`, `dynamicflags`) values('300175','97020','571','1','1','0','0','1344.52','-3303.43','174.866','2.40852','300','0','0','2961','0','0','0','0','0');
insert into `creature` (`guid`, `id`, `map`, `spawnMask`, `phaseMask`, `modelid`, `equipment_id`, `position_x`, `position_y`, `position_z`, `orientation`, `spawntimesecs`, `spawndist`, `currentwaypoint`, `curhealth`, `curmana`, `MovementType`, `npcflag`, `unit_flags`, `dynamicflags`) values('300176','97020','571','1','1','0','0','559.992','-5021.64','11.5157','1.79983','300','0','0','3052','0','0','0','0','0');
insert into `creature` (`guid`, `id`, `map`, `spawnMask`, `phaseMask`, `modelid`, `equipment_id`, `position_x`, `position_y`, `position_z`, `orientation`, `spawntimesecs`, `spawndist`, `currentwaypoint`, `curhealth`, `curmana`, `MovementType`, `npcflag`, `unit_flags`, `dynamicflags`) values('300177','97020','571','1','1','0','0','1914.04','-6116.52','18.3789','2.71873','300','0','0','2961','0','0','0','0','0');
insert into `creature` (`guid`, `id`, `map`, `spawnMask`, `phaseMask`, `modelid`, `equipment_id`, `position_x`, `position_y`, `position_z`, `orientation`, `spawntimesecs`, `spawndist`, `currentwaypoint`, `curhealth`, `curmana`, `MovementType`, `npcflag`, `unit_flags`, `dynamicflags`) values('300178','97021','0','1','1','0','0','-8846.89','628.206','94.7155','0.339644','300','0','0','3052','0','0','0','0','0');
insert into `creature` (`guid`, `id`, `map`, `spawnMask`, `phaseMask`, `modelid`, `equipment_id`, `position_x`, `position_y`, `position_z`, `orientation`, `spawntimesecs`, `spawndist`, `currentwaypoint`, `curhealth`, `curmana`, `MovementType`, `npcflag`, `unit_flags`, `dynamicflags`) values('300179','97021','0','1','1','0','0','-9465.39','52.0999','56.8245','1.26327','300','0','0','3052','0','0','0','0','0');
insert into `creature` (`guid`, `id`, `map`, `spawnMask`, `phaseMask`, `modelid`, `equipment_id`, `position_x`, `position_y`, `position_z`, `orientation`, `spawntimesecs`, `spawndist`, `currentwaypoint`, `curhealth`, `curmana`, `MovementType`, `npcflag`, `unit_flags`, `dynamicflags`) values('300180','97021','0','1','1','0','0','-8930.8','-133.988','82.6967','0.444873','300','0','0','3052','0','0','0','0','0');
insert into `creature` (`guid`, `id`, `map`, `spawnMask`, `phaseMask`, `modelid`, `equipment_id`, `position_x`, `position_y`, `position_z`, `orientation`, `spawntimesecs`, `spawndist`, `currentwaypoint`, `curhealth`, `curmana`, `MovementType`, `npcflag`, `unit_flags`, `dynamicflags`) values('300181','97021','0','1','1','0','0','-9275.26','-2300.89','68.9314','1.37949','300','0','0','2961','0','0','0','0','0');
insert into `creature` (`guid`, `id`, `map`, `spawnMask`, `phaseMask`, `modelid`, `equipment_id`, `position_x`, `position_y`, `position_z`, `orientation`, `spawntimesecs`, `spawndist`, `currentwaypoint`, `curhealth`, `curmana`, `MovementType`, `npcflag`, `unit_flags`, `dynamicflags`) values('300182','97021','0','1','1','0','0','-10561','-1173.91','27.9819','5.39052','300','0','0','3144','0','0','0','0','0');
insert into `creature` (`guid`, `id`, `map`, `spawnMask`, `phaseMask`, `modelid`, `equipment_id`, `position_x`, `position_y`, `position_z`, `orientation`, `spawntimesecs`, `spawndist`, `currentwaypoint`, `curhealth`, `curmana`, `MovementType`, `npcflag`, `unit_flags`, `dynamicflags`) values('300183','97021','0','1','1','0','0','-11610.5','-65.4611','11.2667','1.61118','300','0','0','3144','0','0','0','0','0');
insert into `creature` (`guid`, `id`, `map`, `spawnMask`, `phaseMask`, `modelid`, `equipment_id`, `position_x`, `position_y`, `position_z`, `orientation`, `spawntimesecs`, `spawndist`, `currentwaypoint`, `curhealth`, `curmana`, `MovementType`, `npcflag`, `unit_flags`, `dynamicflags`) values('300184','97021','0','1','1','0','0','-12380.3','170.866','3.20517','4.04435','300','0','0','3144','0','0','0','0','0');
insert into `creature` (`guid`, `id`, `map`, `spawnMask`, `phaseMask`, `modelid`, `equipment_id`, `position_x`, `position_y`, `position_z`, `orientation`, `spawntimesecs`, `spawndist`, `currentwaypoint`, `curhealth`, `curmana`, `MovementType`, `npcflag`, `unit_flags`, `dynamicflags`) values('300185','97021','0','1','1','0','0','-14401.8','427.743','8.30659','4.38757','300','0','0','3144','0','0','0','0','0');
insert into `creature` (`guid`, `id`, `map`, `spawnMask`, `phaseMask`, `modelid`, `equipment_id`, `position_x`, `position_y`, `position_z`, `orientation`, `spawntimesecs`, `spawndist`, `currentwaypoint`, `curhealth`, `curmana`, `MovementType`, `npcflag`, `unit_flags`, `dynamicflags`) values('300186','97021','0','1','1','0','0','-10883.5','-2931.7','12.8916','3.17758','300','0','0','3052','0','0','0','0','0');
insert into `creature` (`guid`, `id`, `map`, `spawnMask`, `phaseMask`, `modelid`, `equipment_id`, `position_x`, `position_y`, `position_z`, `orientation`, `spawntimesecs`, `spawndist`, `currentwaypoint`, `curhealth`, `curmana`, `MovementType`, `npcflag`, `unit_flags`, `dynamicflags`) values('300187','97021','0','1','1','0','0','-10437.7','-3250.06','20.2102','4.457','300','0','0','2961','0','0','0','0','0');
insert into `creature` (`guid`, `id`, `map`, `spawnMask`, `phaseMask`, `modelid`, `equipment_id`, `position_x`, `position_y`, `position_z`, `orientation`, `spawntimesecs`, `spawndist`, `currentwaypoint`, `curhealth`, `curmana`, `MovementType`, `npcflag`, `unit_flags`, `dynamicflags`) values('300188','97021','0','1','1','0','0','-10644','1034.57','33.8428','1.23919','300','0','0','2961','0','0','0','0','0');
insert into `creature` (`guid`, `id`, `map`, `spawnMask`, `phaseMask`, `modelid`, `equipment_id`, `position_x`, `position_y`, `position_z`, `orientation`, `spawntimesecs`, `spawndist`, `currentwaypoint`, `curhealth`, `curmana`, `MovementType`, `npcflag`, `unit_flags`, `dynamicflags`) values('300189','97021','0','1','1','0','0','-4917.13','-930.378','501.629','5.37242','300','0','0','3052','0','0','0','0','0');
insert into `creature` (`guid`, `id`, `map`, `spawnMask`, `phaseMask`, `modelid`, `equipment_id`, `position_x`, `position_y`, `position_z`, `orientation`, `spawntimesecs`, `spawndist`, `currentwaypoint`, `curhealth`, `curmana`, `MovementType`, `npcflag`, `unit_flags`, `dynamicflags`) values('300190','97021','0','1','1','0','0','-5605.18','-506.404','401.143','0.173077','300','0','0','2961','0','0','0','0','0');
insert into `creature` (`guid`, `id`, `map`, `spawnMask`, `phaseMask`, `modelid`, `equipment_id`, `position_x`, `position_y`, `position_z`, `orientation`, `spawntimesecs`, `spawndist`, `currentwaypoint`, `curhealth`, `curmana`, `MovementType`, `npcflag`, `unit_flags`, `dynamicflags`) values('300191','97021','0','1','1','0','0','-6236.22','346.73','383.737','4.79122','300','0','0','3052','0','0','0','0','0');
insert into `creature` (`guid`, `id`, `map`, `spawnMask`, `phaseMask`, `modelid`, `equipment_id`, `position_x`, `position_y`, `position_z`, `orientation`, `spawntimesecs`, `spawndist`, `currentwaypoint`, `curhealth`, `curmana`, `MovementType`, `npcflag`, `unit_flags`, `dynamicflags`) values('300192','97021','0','1','1','0','0','-5342.14','-2966.3','324.081','1.97557','300','0','0','2961','0','0','0','0','0');
insert into `creature` (`guid`, `id`, `map`, `spawnMask`, `phaseMask`, `modelid`, `equipment_id`, `position_x`, `position_y`, `position_z`, `orientation`, `spawntimesecs`, `spawndist`, `currentwaypoint`, `curhealth`, `curmana`, `MovementType`, `npcflag`, `unit_flags`, `dynamicflags`) values('300193','97021','0','1','1','0','0','-6656.21','-2208.78','247.16','0.547715','300','0','0','3052','0','0','0','0','0');
insert into `creature` (`guid`, `id`, `map`, `spawnMask`, `phaseMask`, `modelid`, `equipment_id`, `position_x`, `position_y`, `position_z`, `orientation`, `spawntimesecs`, `spawndist`, `currentwaypoint`, `curhealth`, `curmana`, `MovementType`, `npcflag`, `unit_flags`, `dynamicflags`) values('300194','97021','0','1','1','0','0','-6489.07','-1139.75','308.077','2.49001','300','0','0','2961','0','0','0','0','0');
insert into `creature` (`guid`, `id`, `map`, `spawnMask`, `phaseMask`, `modelid`, `equipment_id`, `position_x`, `position_y`, `position_z`, `orientation`, `spawntimesecs`, `spawndist`, `currentwaypoint`, `curhealth`, `curmana`, `MovementType`, `npcflag`, `unit_flags`, `dynamicflags`) values('300195','97021','0','1','1','0','0','1584.41','244.592','-62.0774','3.21479','300','0','0','3052','0','0','0','0','0');
insert into `creature` (`guid`, `id`, `map`, `spawnMask`, `phaseMask`, `modelid`, `equipment_id`, `position_x`, `position_y`, `position_z`, `orientation`, `spawntimesecs`, `spawndist`, `currentwaypoint`, `curhealth`, `curmana`, `MovementType`, `npcflag`, `unit_flags`, `dynamicflags`) values('300196','97021','0','1','1','0','0','2251.4','292.373','34.703','5.75948','300','0','0','3052','0','0','0','0','0');
insert into `creature` (`guid`, `id`, `map`, `spawnMask`, `phaseMask`, `modelid`, `equipment_id`, `position_x`, `position_y`, `position_z`, `orientation`, `spawntimesecs`, `spawndist`, `currentwaypoint`, `curhealth`, `curmana`, `MovementType`, `npcflag`, `unit_flags`, `dynamicflags`) values('300197','97021','0','1','1','0','0','1855.11','1602.18','95.0372','4.65993','300','0','0','2961','0','0','0','0','0');
insert into `creature` (`guid`, `id`, `map`, `spawnMask`, `phaseMask`, `modelid`, `equipment_id`, `position_x`, `position_y`, `position_z`, `orientation`, `spawntimesecs`, `spawndist`, `currentwaypoint`, `curhealth`, `curmana`, `MovementType`, `npcflag`, `unit_flags`, `dynamicflags`) values('300198','97021','0','1','1','0','0','497.804','1610.83','125.665','5.71','300','0','0','2961','0','0','0','0','0');
insert into `creature` (`guid`, `id`, `map`, `spawnMask`, `phaseMask`, `modelid`, `equipment_id`, `position_x`, `position_y`, `position_z`, `orientation`, `spawntimesecs`, `spawndist`, `currentwaypoint`, `curhealth`, `curmana`, `MovementType`, `npcflag`, `unit_flags`, `dynamicflags`) values('300199','97021','0','1','1','0','0','-37.4321','-888.793','56.1434','0.627642','300','0','0','2961','0','0','0','0','0');
insert into `creature` (`guid`, `id`, `map`, `spawnMask`, `phaseMask`, `modelid`, `equipment_id`, `position_x`, `position_y`, `position_z`, `orientation`, `spawntimesecs`, `spawndist`, `currentwaypoint`, `curhealth`, `curmana`, `MovementType`, `npcflag`, `unit_flags`, `dynamicflags`) values('300200','97021','530','1','1','0','0','10355.7','-6368.52','35.8685','3.16096','300','0','0','3144','0','0','0','0','0');
insert into `creature` (`guid`, `id`, `map`, `spawnMask`, `phaseMask`, `modelid`, `equipment_id`, `position_x`, `position_y`, `position_z`, `orientation`, `spawntimesecs`, `spawndist`, `currentwaypoint`, `curhealth`, `curmana`, `MovementType`, `npcflag`, `unit_flags`, `dynamicflags`) values('300201','97021','530','1','1','0','0','9509.01','-6809.34','16.492','3.32197','300','0','0','2961','0','0','0','0','0');
insert into `creature` (`guid`, `id`, `map`, `spawnMask`, `phaseMask`, `modelid`, `equipment_id`, `position_x`, `position_y`, `position_z`, `orientation`, `spawntimesecs`, `spawndist`, `currentwaypoint`, `curhealth`, `curmana`, `MovementType`, `npcflag`, `unit_flags`, `dynamicflags`) values('300202','97021','530','1','1','0','0','9354.91','-7146.33','9.66201','1.93574','300','0','0','3052','0','0','0','0','0');
insert into `creature` (`guid`, `id`, `map`, `spawnMask`, `phaseMask`, `modelid`, `equipment_id`, `position_x`, `position_y`, `position_z`, `orientation`, `spawntimesecs`, `spawndist`, `currentwaypoint`, `curhealth`, `curmana`, `MovementType`, `npcflag`, `unit_flags`, `dynamicflags`) values('300203','97021','530','1','1','0','0','7589.06','-6833.19','87.7964','1.82892','300','0','0','3052','0','0','0','0','0');
insert into `creature` (`guid`, `id`, `map`, `spawnMask`, `phaseMask`, `modelid`, `equipment_id`, `position_x`, `position_y`, `position_z`, `orientation`, `spawntimesecs`, `spawndist`, `currentwaypoint`, `curhealth`, `curmana`, `MovementType`, `npcflag`, `unit_flags`, `dynamicflags`) values('300204','97021','1','1','1','0','0','10320.8','818.627','1326.41','1.35633','300','0','0','2961','0','0','0','0','0');
insert into `creature` (`guid`, `id`, `map`, `spawnMask`, `phaseMask`, `modelid`, `equipment_id`, `position_x`, `position_y`, `position_z`, `orientation`, `spawntimesecs`, `spawndist`, `currentwaypoint`, `curhealth`, `curmana`, `MovementType`, `npcflag`, `unit_flags`, `dynamicflags`) values('300205','97021','1','1','1','0','0','9841.74','947.347','1307.44','5.59749','300','0','0','3144','0','0','0','0','0');
insert into `creature` (`guid`, `id`, `map`, `spawnMask`, `phaseMask`, `modelid`, `equipment_id`, `position_x`, `position_y`, `position_z`, `orientation`, `spawntimesecs`, `spawndist`, `currentwaypoint`, `curhealth`, `curmana`, `MovementType`, `npcflag`, `unit_flags`, `dynamicflags`) values('300206','97021','1','1','1','0','0','9939.49','2481.96','1316.29','0.643191','300','0','0','3052','0','0','0','0','0');
insert into `creature` (`guid`, `id`, `map`, `spawnMask`, `phaseMask`, `modelid`, `equipment_id`, `position_x`, `position_y`, `position_z`, `orientation`, `spawntimesecs`, `spawndist`, `currentwaypoint`, `curhealth`, `curmana`, `MovementType`, `npcflag`, `unit_flags`, `dynamicflags`) values('300207','97021','1','1','1','0','0','6401.49','488.548','8.19965','1.34642','300','0','0','2961','0','0','0','0','0');
insert into `creature` (`guid`, `id`, `map`, `spawnMask`, `phaseMask`, `modelid`, `equipment_id`, `position_x`, `position_y`, `position_z`, `orientation`, `spawntimesecs`, `spawndist`, `currentwaypoint`, `curhealth`, `curmana`, `MovementType`, `npcflag`, `unit_flags`, `dynamicflags`) values('300208','97021','1','1','1','0','0','2705.62','-412.595','108.076','2.34388','300','0','0','2961','0','0','0','0','0');
insert into `creature` (`guid`, `id`, `map`, `spawnMask`, `phaseMask`, `modelid`, `equipment_id`, `position_x`, `position_y`, `position_z`, `orientation`, `spawntimesecs`, `spawndist`, `currentwaypoint`, `curhealth`, `curmana`, `MovementType`, `npcflag`, `unit_flags`, `dynamicflags`) values('300209','97021','1','1','1','0','0','2309.22','-2529.29','102.365','0.176126','300','0','0','3144','0','0','0','0','0');
insert into `creature` (`guid`, `id`, `map`, `spawnMask`, `phaseMask`, `modelid`, `equipment_id`, `position_x`, `position_y`, `position_z`, `orientation`, `spawntimesecs`, `spawndist`, `currentwaypoint`, `curhealth`, `curmana`, `MovementType`, `npcflag`, `unit_flags`, `dynamicflags`) values('300210','97021','1','1','1','0','0','1579.96','-4417.97','8.0732','3.22505','300','0','0','3052','0','0','0','0','0');
insert into `creature` (`guid`, `id`, `map`, `spawnMask`, `phaseMask`, `modelid`, `equipment_id`, `position_x`, `position_y`, `position_z`, `orientation`, `spawntimesecs`, `spawndist`, `currentwaypoint`, `curhealth`, `curmana`, `MovementType`, `npcflag`, `unit_flags`, `dynamicflags`) values('300211','97021','1','1','1','0','0','288.967','-4766.83','11.8501','0.534257','300','0','0','2961','0','0','0','0','0');
insert into `creature` (`guid`, `id`, `map`, `spawnMask`, `phaseMask`, `modelid`, `equipment_id`, `position_x`, `position_y`, `position_z`, `orientation`, `spawntimesecs`, `spawndist`, `currentwaypoint`, `curhealth`, `curmana`, `MovementType`, `npcflag`, `unit_flags`, `dynamicflags`) values('300212','97021','1','1','1','0','0','-605.077','-4238.67','38.9563','1.66837','300','0','0','2961','0','0','0','0','0');
insert into `creature` (`guid`, `id`, `map`, `spawnMask`, `phaseMask`, `modelid`, `equipment_id`, `position_x`, `position_y`, `position_z`, `orientation`, `spawntimesecs`, `spawndist`, `currentwaypoint`, `curhealth`, `curmana`, `MovementType`, `npcflag`, `unit_flags`, `dynamicflags`) values('300213','97021','1','1','1','0','0','-450.453','-2616.86','96.6191','5.5718','300','0','0','3144','0','0','0','0','0');
insert into `creature` (`guid`, `id`, `map`, `spawnMask`, `phaseMask`, `modelid`, `equipment_id`, `position_x`, `position_y`, `position_z`, `orientation`, `spawntimesecs`, `spawndist`, `currentwaypoint`, `curhealth`, `curmana`, `MovementType`, `npcflag`, `unit_flags`, `dynamicflags`) values('300214','97021','1','1','1','0','0','-2340.55','-1933.29','95.9608','3.64733','300','0','0','2961','0','0','0','0','0');
insert into `creature` (`guid`, `id`, `map`, `spawnMask`, `phaseMask`, `modelid`, `equipment_id`, `position_x`, `position_y`, `position_z`, `orientation`, `spawntimesecs`, `spawndist`, `currentwaypoint`, `curhealth`, `curmana`, `MovementType`, `npcflag`, `unit_flags`, `dynamicflags`) values('300215','97021','1','1','1','0','0','-2322.54','-361.194','-9.06314','4.90789','300','0','0','2961','0','0','0','0','0');
insert into `creature` (`guid`, `id`, `map`, `spawnMask`, `phaseMask`, `modelid`, `equipment_id`, `position_x`, `position_y`, `position_z`, `orientation`, `spawntimesecs`, `spawndist`, `currentwaypoint`, `curhealth`, `curmana`, `MovementType`, `npcflag`, `unit_flags`, `dynamicflags`) values('300216','97021','1','1','1','0','0','-2234.16','-324.038','45.612','0.927489','300','0','0','3144','0','0','0','0','0');
insert into `creature` (`guid`, `id`, `map`, `spawnMask`, `phaseMask`, `modelid`, `equipment_id`, `position_x`, `position_y`, `position_z`, `orientation`, `spawntimesecs`, `spawndist`, `currentwaypoint`, `curhealth`, `curmana`, `MovementType`, `npcflag`, `unit_flags`, `dynamicflags`) values('300217','97021','1','1','1','0','0','-1271.58','113.939','130.317','2.15663','300','0','0','3052','0','0','0','0','0');
insert into `creature` (`guid`, `id`, `map`, `spawnMask`, `phaseMask`, `modelid`, `equipment_id`, `position_x`, `position_y`, `position_z`, `orientation`, `spawntimesecs`, `spawndist`, `currentwaypoint`, `curhealth`, `curmana`, `MovementType`, `npcflag`, `unit_flags`, `dynamicflags`) values('300218','97021','1','1','1','0','0','-2903.15','-267.429','53.2839','1.30951','300','0','0','3052','0','0','0','0','0');
insert into `creature` (`guid`, `id`, `map`, `spawnMask`, `phaseMask`, `modelid`, `equipment_id`, `position_x`, `position_y`, `position_z`, `orientation`, `spawntimesecs`, `spawndist`, `currentwaypoint`, `curhealth`, `curmana`, `MovementType`, `npcflag`, `unit_flags`, `dynamicflags`) values('300219','97021','1','1','1','0','0','-959.43','-3742.77','5.60457','5.66583','300','0','0','2961','0','0','0','0','0');
insert into `creature` (`guid`, `id`, `map`, `spawnMask`, `phaseMask`, `modelid`, `equipment_id`, `position_x`, `position_y`, `position_z`, `orientation`, `spawntimesecs`, `spawndist`, `currentwaypoint`, `curhealth`, `curmana`, `MovementType`, `npcflag`, `unit_flags`, `dynamicflags`) values('300220','97021','1','1','1','0','0','-5100.39','-1933','88.7343','0.0305896','300','0','0','3052','0','0','0','0','0');
insert into `creature` (`guid`, `id`, `map`, `spawnMask`, `phaseMask`, `modelid`, `equipment_id`, `position_x`, `position_y`, `position_z`, `orientation`, `spawntimesecs`, `spawndist`, `currentwaypoint`, `curhealth`, `curmana`, `MovementType`, `npcflag`, `unit_flags`, `dynamicflags`) values('300221','97021','1','1','1','0','0','-6186.98','-3933.57','-58.7501','5.03439','300','0','0','3052','0','0','0','0','0');
insert into `creature` (`guid`, `id`, `map`, `spawnMask`, `phaseMask`, `modelid`, `equipment_id`, `position_x`, `position_y`, `position_z`, `orientation`, `spawntimesecs`, `spawndist`, `currentwaypoint`, `curhealth`, `curmana`, `MovementType`, `npcflag`, `unit_flags`, `dynamicflags`) values('300222','97021','1','1','1','0','0','-7163','-3794.79','9.26448','3.13765','300','0','0','2961','0','0','0','0','0');
insert into `creature` (`guid`, `id`, `map`, `spawnMask`, `phaseMask`, `modelid`, `equipment_id`, `position_x`, `position_y`, `position_z`, `orientation`, `spawntimesecs`, `spawndist`, `currentwaypoint`, `curhealth`, `curmana`, `MovementType`, `npcflag`, `unit_flags`, `dynamicflags`) values('300223','97021','1','1','1','0','0','-6197.02','-1126.23','-218.908','1.65952','300','0','0','2961','0','0','0','0','0');
insert into `creature` (`guid`, `id`, `map`, `spawnMask`, `phaseMask`, `modelid`, `equipment_id`, `position_x`, `position_y`, `position_z`, `orientation`, `spawntimesecs`, `spawndist`, `currentwaypoint`, `curhealth`, `curmana`, `MovementType`, `npcflag`, `unit_flags`, `dynamicflags`) values('300224','97021','1','1','1','0','0','-4381.9','222.797','25.5901','1.7192','300','0','0','2961','0','0','0','0','0');
insert into `creature` (`guid`, `id`, `map`, `spawnMask`, `phaseMask`, `modelid`, `equipment_id`, `position_x`, `position_y`, `position_z`, `orientation`, `spawntimesecs`, `spawndist`, `currentwaypoint`, `curhealth`, `curmana`, `MovementType`, `npcflag`, `unit_flags`, `dynamicflags`) values('300225','97021','1','1','1','0','0','969.244','964.804','104.69','5.78283','300','0','0','2961','0','0','0','0','0');
insert into `creature` (`guid`, `id`, `map`, `spawnMask`, `phaseMask`, `modelid`, `equipment_id`, `position_x`, `position_y`, `position_z`, `orientation`, `spawntimesecs`, `spawndist`, `currentwaypoint`, `curhealth`, `curmana`, `MovementType`, `npcflag`, `unit_flags`, `dynamicflags`) values('300226','97021','1','1','1','0','0','2444.78','1383.19','271.566','5.90613','300','0','0','3052','0','0','0','0','0');
insert into `creature` (`guid`, `id`, `map`, `spawnMask`, `phaseMask`, `modelid`, `equipment_id`, `position_x`, `position_y`, `position_z`, `orientation`, `spawntimesecs`, `spawndist`, `currentwaypoint`, `curhealth`, `curmana`, `MovementType`, `npcflag`, `unit_flags`, `dynamicflags`) values('300227','97021','530','1','1','0','0','-4021.15','-11881.1','-0.307887','5.33286','300','0','0','3144','0','0','0','0','0');
insert into `creature` (`guid`, `id`, `map`, `spawnMask`, `phaseMask`, `modelid`, `equipment_id`, `position_x`, `position_y`, `position_z`, `orientation`, `spawntimesecs`, `spawndist`, `currentwaypoint`, `curhealth`, `curmana`, `MovementType`, `npcflag`, `unit_flags`, `dynamicflags`) values('300228','97021','530','1','1','0','0','-4179.78','-12526.2','44.8073','2.64286','300','0','0','2961','0','0','0','0','0');
insert into `creature` (`guid`, `id`, `map`, `spawnMask`, `phaseMask`, `modelid`, `equipment_id`, `position_x`, `position_y`, `position_z`, `orientation`, `spawntimesecs`, `spawndist`, `currentwaypoint`, `curhealth`, `curmana`, `MovementType`, `npcflag`, `unit_flags`, `dynamicflags`) values('300229','97021','530','1','1','0','0','-4028.58','-13777.8','74.7279','4.73202','300','0','0','3052','0','0','0','0','0');
insert into `creature` (`guid`, `id`, `map`, `spawnMask`, `phaseMask`, `modelid`, `equipment_id`, `position_x`, `position_y`, `position_z`, `orientation`, `spawntimesecs`, `spawndist`, `currentwaypoint`, `curhealth`, `curmana`, `MovementType`, `npcflag`, `unit_flags`, `dynamicflags`) values('300230','97021','1','1','1','0','0','-3809.44','-4535.95','10.1297','2.23302','300','0','0','3144','0','0','0','0','0');

-- add drop in ICC
insert into `creature_loot_template` (`entry`, `item`, `ChanceOrQuestChance`, `lootmode`, `groupid`, `mincountOrRef`, `maxcount`) values
('36612','37711','100','1','0','4','4'),
('37957','37711','100','1','0','6','6'),
('37958','37711','100','1','0','6','6'),
('37959','37711','100','1','0','8','8'),

('36855','37711','100','1','0','4','4'),
('38106','37711','100','1','0','6','6'),
('38296','37711','100','1','0','6','6'),
('38297','37711','100','1','0','10','10'),

('36626','37711','100','1','0','4','4'),
('37504','37711','100','1','0','6','6'),
('37505','37711','100','1','0','6','6'),
('37506','37711','100','1','0','10','10'),

('36627','37711','100','1','0','5','5'),
('38390','37711','100','1','0','7','7'),
('38549','37711','100','1','0','7','7'),
('38550','37711','100','1','0','10','10'),

('36678','37711','100','1','0','5','5'),
('38431','37711','100','1','0','7','7'),
('38585','37711','100','1','0','7','7'),
('38586','37711','100','1','0','10','10'),

('37970','37711','100','1','0','5','5'),
('38401','37711','100','1','0','10','10'),
('38784','37711','100','1','0','10','10'),
('38785','37711','100','1','0','15','15'),

('37955','37711','100','1','0','5','5'),
('38434','37711','100','1','0','10','10'),
('38435','37711','100','1','0','10','10'),
('38436','37711','100','1','0','15','15'),

('36853','37711','100','1','0','5','5'),
('38265','37711','100','1','0','10','10'),
('38266','37711','100','1','0','10','10'),
('38267','37711','100','1','0','15','15'),

('36597','37711','100','1','0','10','10'),
('39166','37711','100','1','0','15','15'),
('39167','37711','100','1','0','15','15'),
('39168','37711','100','1','0','20','20'),
-- halion
('39863','37711','100','1','0','10','10'),
('39864','37711','100','1','0','15','15'),
('39944','37711','100','1','0','15','15'),
('39945','37711','100','1','0','25','25');


insert into `gameobject_loot_template` (`entry`, `item`, `ChanceOrQuestChance`, `lootmode`, `groupid`, `mincountOrRef`, `maxcount`) values
('201959','37711','100','1','0','4','4'),
('202339','37711','100','1','0','6','6'),
('202338','37711','100','1','0','6','6'),
('202340','37711','100','1','0','10','10'),

('202239','37711','100','1','0','4','4'),
('202240','37711','100','1','0','6','6'),
('202238','37711','100','1','0','6','6'),
('202241','37711','100','1','0','10','10'),

('201872','37711','100','1','0','4','4'),
('201873','37711','100','1','0','6','6'),
('201874','37711','100','1','0','6','6'),
('201875','37711','100','1','0','10','10');